Time (s),Cart Position (m),Cart Velocity (m/s),Pole Angle (rad),Pole Angular Velocity (rad/s),Control Input (N)
1740035857.3068,0.0000,0.0000,0.0000,0.0000,0.0000
1740035857.3167,0.0004,0.0900,-0.0005,-0.1349,-4.9673
1740035857.3267,0.0012,0.0638,-0.0018,-0.0955,-3.8937
1740035857.3368,0.0016,0.0292,-0.0024,-0.0436,-2.2057
1740035857.3467,0.0018,0.0089,-0.0026,-0.0134,-1.2036
1740035857.3567,0.0014,-0.0931,-0.0021,0.1392,4.3937
1740035857.3668,0.0007,-0.0586,-0.0011,0.0868,2.7825
1740035857.3767,-0.0005,-0.2057,0.0007,0.3072,11.1422
1740035857.3867,-0.0020,-0.1103,0.0030,0.1635,6.6166
1740035857.3968,-0.0040,-0.3561,0.0059,0.5322,20.5730
1740035857.4067,-0.0071,-0.2330,0.0105,0.3473,15.2324
1740035857.4168,-0.0105,-0.4979,0.0156,0.7452,30.8489
1740035857.4267,-0.0140,-0.2373,0.0209,0.3551,18.3751
1740035857.4368,-0.0174,-0.5343,0.0260,0.8024,35.7901
1740035857.4467,-0.0218,-0.3006,0.0326,0.4541,25.1866
1740035857.4567,-0.0257,-0.5516,0.0385,0.8340,40.4587
1740035857.4667,-0.0294,-0.2152,0.0441,0.3337,24.2062
1740035857.4767,-0.0323,-0.4308,0.0486,0.6626,37.3108
1740035857.4867,-0.0349,-0.1246,0.0527,0.2096,22.4008
1740035857.4967,-0.0368,-0.3006,0.0558,0.4805,33.0666
1740035857.5067,-0.0383,-0.0334,0.0584,0.0875,19.9283
1740035857.5168,-0.0388,-0.0977,0.0596,0.1922,24.1657
1740035857.5267,-0.0387,0.0916,0.0600,-0.0828,14.6601
1740035857.5367,-0.0377,0.0883,0.0590,-0.0688,15.1230
1740035857.5467,-0.0362,0.1995,0.0575,-0.2264,9.2854
1740035857.5567,-0.0337,0.3011,0.0545,-0.3696,3.5779
1740035857.5667,-0.0306,0.3139,0.0507,-0.3798,2.4063
1740035857.5767,-0.0265,0.5340,0.0455,-0.7012,-10.2888
1740035857.5867,-0.0217,0.4295,0.0394,-0.5364,-5.8596
1740035857.5967,-0.0162,0.6987,0.0323,-0.9329,-21.7534
1740035857.6067,-0.0104,0.4987,0.0247,-0.6261,-12.6959
1740035857.6167,-0.0043,0.7608,0.0169,-1.0140,-28.5386
1740035857.6267,0.0014,0.5309,0.0095,-0.6649,-17.9498
1740035857.6367,0.0077,0.8099,0.0013,-1.0805,-34.9306
1740035857.6467,0.0141,0.5038,-0.0069,-0.6188,-20.5955
1740035857.6568,0.0202,0.7599,-0.0146,-1.0025,-36.3346
1740035857.6667,0.0260,0.4458,-0.0220,-0.5315,-21.4903
1740035857.6767,0.0310,0.5968,-0.0281,-0.7597,-31.2987
1740035857.6867,0.0355,0.3295,-0.0335,-0.3616,-18.5642
1740035857.6967,0.0390,0.4304,-0.0376,-0.5170,-25.2724
1740035857.7067,0.0422,0.2177,-0.0410,-0.2026,-15.0366
1740035857.7168,0.0441,0.2282,-0.0427,-0.2233,-16.3251
1740035857.7267,0.0458,0.1120,-0.0441,-0.0549,-10.7884
1740035857.7367,0.0467,0.0881,-0.0444,-0.0255,-9.9197
1740035857.7467,0.0472,0.0097,-0.0441,0.0855,-5.9629
1740035857.7567,0.0469,-0.0627,-0.0427,0.1872,-2.0672
1740035857.7667,0.0462,-0.0738,-0.0408,0.1971,-1.3010
1740035857.7767,0.0451,-0.1557,-0.0383,0.3134,3.4199
1740035857.7867,0.0437,-0.1204,-0.0355,0.2541,1.9611
1740035857.7967,0.0420,-0.2426,-0.0322,0.4315,9.0971
1740035857.8067,0.0400,-0.1598,-0.0286,0.3016,5.3404
1740035857.8167,0.0380,-0.2669,-0.0249,0.4574,11.8113
1740035857.8267,0.0359,-0.1622,-0.0213,0.2957,6.9624
1740035857.8367,0.0340,-0.2388,-0.0179,0.4067,11.7787
1740035857.8467,0.0322,-0.1359,-0.0147,0.2489,6.9545
1740035857.8567,0.0306,-0.2268,-0.0119,0.3828,12.4633
1740035857.8667,0.0287,-0.1415,-0.0086,0.2521,8.6436
1740035857.8767,0.0271,-0.1831,-0.0060,0.3127,11.5138
1740035857.8867,0.0259,-0.0852,-0.0037,0.1643,6.8235
1740035857.8967,0.0247,-0.1704,-0.0015,0.2913,11.9308
1740035857.9067,0.0235,-0.0701,0.0005,0.1399,7.0829
1740035857.9167,0.0226,-0.1415,0.0023,0.2468,11.3980
1740035857.9267,0.0217,-0.0467,0.0040,0.1044,6.7782
1740035857.9367,0.0211,-0.0919,0.0053,0.1725,9.5789
1740035857.9467,0.0206,-0.0135,0.0064,0.0554,5.7082
1740035857.9567,0.0202,-0.0814,0.0073,0.1580,9.6634
1740035857.9667,0.0198,-0.0106,0.0082,0.0524,6.1612
1740035857.9767,0.0193,-0.1034,0.0093,0.1927,11.4979
1740035857.9867,0.0188,-0.0097,0.0104,0.0532,6.8641
1740035857.9967,0.0182,-0.1286,0.0117,0.2329,13.6688
1740035858.0067,0.0176,-0.0171,0.0131,0.0668,8.1640
1740035858.0167,0.0168,-0.1746,0.0147,0.3049,17.1679
1740035858.0267,0.0158,-0.0340,0.0166,0.0956,10.2562
1740035858.0367,0.0150,-0.1416,0.0182,0.2591,16.5886
1740035858.0467,0.0144,-0.0071,0.0197,0.0595,9.9289
1740035858.0567,0.0140,-0.0871,0.0207,0.1823,14.6722
1740035858.0667,0.0138,0.0301,0.0216,0.0092,8.8049
1740035858.0768,0.0139,-0.0143,0.0219,0.0786,11.4553
1740035858.0867,0.0141,0.0599,0.0222,-0.0296,7.7553
1740035858.0967,0.0150,0.1076,0.0215,-0.0978,5.2269
1740035858.1067,0.0162,0.1430,0.0203,-0.1474,3.2082
1740035858.1167,0.0179,0.2210,0.0185,-0.2614,-1.2738
1740035858.1267,0.0201,0.2132,0.0159,-0.2463,-1.3515
1740035858.1367,0.0230,0.3968,0.0122,-0.5187,-11.9938
1740035858.1467,0.0264,0.2862,0.0080,-0.3500,-7.0400
1740035858.1567,0.0302,0.5134,0.0030,-0.6886,-20.4120
1740035858.1667,0.0343,0.3328,-0.0023,-0.4158,-12.0654
1740035858.1767,0.0388,0.6203,-0.0083,-0.8463,-29.0263
1740035858.1867,0.0437,0.3686,-0.0146,-0.4682,-17.2200
1740035858.1967,0.0486,0.6855,-0.0213,-0.9446,-36.0334
1740035858.2067,0.0538,0.3772,-0.0281,-0.4833,-21.4384
1740035858.2167,0.0580,0.6246,-0.0338,-0.8569,-36.3461
1740035858.2267,0.0632,0.3858,-0.0408,-0.5020,-25.6470
1740035858.2367,0.0677,0.5665,-0.0468,-0.7776,-37.1912
1740035858.2467,0.0716,0.2557,-0.0520,-0.3172,-22.2751
1740035858.2567,0.0746,0.3907,-0.0559,-0.5263,-30.9164
1740035858.2668,0.0771,0.1367,-0.0590,-0.1531,-18.6048
1740035858.2767,0.0787,0.2229,-0.0610,-0.2905,-24.2019
1740035858.2867,0.0799,0.0285,-0.0623,-0.0078,-14.6488
1740035858.2968,0.0801,0.0241,-0.0623,-0.0095,-14.8775
1740035858.3067,0.0798,-0.0775,-0.0617,0.1334,-9.8025
1740035858.3167,0.0786,-0.1563,-0.0598,0.2420,-5.6014
1740035858.3267,0.0769,-0.1903,-0.0571,0.2835,-3.5945
1740035858.3367,0.0743,-0.3281,-0.0534,0.4807,4.2679
1740035858.3467,0.0713,-0.2784,-0.0491,0.3974,2.2866
1740035858.3567,0.0675,-0.5140,-0.0436,0.7422,15.9074
1740035858.3667,0.0632,-0.3665,-0.0374,0.5130,9.2227
1740035858.3767,0.0584,-0.6381,-0.0306,0.9135,25.2210
1740035858.3867,0.0532,-0.4133,-0.0234,0.5700,14.7758
1740035858.3967,0.0481,-0.6728,-0.0162,0.9543,30.3573
1740035858.4067,0.0428,-0.4072,-0.0089,0.5515,17.8533
1740035858.4167,0.0377,-0.6773,-0.0018,0.9540,34.0917
1740035858.4268,0.0329,-0.4119,0.0048,0.5537,21.5255
1740035858.4368,0.0280,-0.6350,0.0116,0.8878,35.2736
1740035858.4468,0.0233,-0.3340,0.0180,0.4362,20.8600
1740035858.4567,0.0191,-0.5543,0.0235,0.7681,34.2556
1740035858.4667,0.0152,-0.2653,0.0288,0.3366,20.3104
1740035858.4767,0.0120,-0.4104,0.0330,0.5576,29.3791
1740035858.4867,0.0093,-0.1659,0.0365,0.1949,17.4636
1740035858.4967,0.0073,-0.2641,0.0389,0.3469,23.6420
1740035858.5067,0.0058,-0.0708,0.0408,0.0623,14.0910
1740035858.5167,0.0051,-0.0883,0.0414,0.0944,15.5149
1740035858.5267,0.0049,0.0341,0.0414,-0.0832,9.2809
1740035858.5367,0.0052,0.0265,0.0406,-0.0655,9.8056
1740035858.5467,0.0058,0.0926,0.0395,-0.1589,6.2915
1740035858.5567,0.0071,0.1557,0.0374,-0.2473,2.6969
1740035858.5667,0.0087,0.1683,0.0349,-0.2602,1.6693
1740035858.5767,0.0109,0.2825,0.0315,-0.4256,-5.0316
1740035858.5867,0.0135,0.2299,0.0277,-0.3412,-2.9317
1740035858.5967,0.0164,0.3777,0.0234,-0.5579,-11.7491
1740035858.6067,0.0196,0.2692,0.0188,-0.3905,-6.9372
1740035858.6167,0.0229,0.4378,0.0138,-0.6397,-17.0991
1740035858.6267,0.0265,0.2855,0.0087,-0.4079,-10.1357
1740035858.6367,0.0304,0.5367,0.0031,-0.7823,-24.9946
1740035858.6467,0.0345,0.3193,-0.0029,-0.4540,-14.8531
1740035858.6567,0.0389,0.5954,-0.0091,-0.8675,-31.2989
1740035858.6667,0.0433,0.3269,-0.0156,-0.4643,-18.6385
1740035858.6767,0.0478,0.6209,-0.0220,-0.9064,-36.1940
1740035858.6867,0.0523,0.3139,-0.0285,-0.4474,-21.6019
1740035858.6967,0.0559,0.5532,-0.0337,-0.8090,-35.9990
1740035858.7067,0.0604,0.3183,-0.0404,-0.4600,-25.4077
1740035858.7167,0.0644,0.5456,-0.0462,-0.8054,-39.4372
1740035858.7267,0.0681,0.2180,-0.0516,-0.3197,-23.6712
1740035858.7367,0.0709,0.3997,-0.0557,-0.5987,-34.9147
1740035858.7467,0.0733,0.1140,-0.0594,-0.1778,-21.0476
1740035858.7567,0.0747,0.2110,-0.0616,-0.3313,-27.3160
1740035858.7667,0.0756,-0.0073,-0.0632,-0.0130,-16.5685
1740035858.7767,0.0755,0.0087,-0.0633,-0.0462,-17.9895
1740035858.7867,0.0748,-0.1285,-0.0627,0.1499,-11.0338
1740035858.7967,0.0731,-0.1999,-0.0606,0.2472,-7.2262
1740035858.8067,0.0709,-0.2449,-0.0578,0.3050,-4.6245
1740035858.8167,0.0676,-0.4211,-0.0536,0.5597,5.3999
1740035858.8267,0.0641,-0.3651,-0.0490,0.4674,3.1557
1740035858.8367,0.0594,-0.6117,-0.0428,0.8287,17.5488
1740035858.8467,0.0542,-0.4475,-0.0359,0.5744,10.1450
1740035858.8567,0.0485,-0.7423,-0.0284,1.0097,27.5747
1740035858.8667,0.0424,-0.4951,-0.0203,0.6326,16.1248
1740035858.8767,0.0360,-0.8536,-0.0118,1.1659,37.3614
1740035858.8867,0.0293,-0.5262,-0.0029,0.6704,21.9715
1740035858.8967,0.0226,-0.8823,0.0059,1.2025,43.3027
1740035858.9067,0.0163,-0.5448,0.0142,0.6947,27.3519
1740035858.9168,0.0098,-0.8596,0.0228,1.1673,46.5550
1740035858.9268,0.0034,-0.4620,0.0312,0.5720,27.5628
1740035858.9367,-0.0023,-0.7394,0.0384,0.9910,44.5379
1740035858.9467,-0.0076,-0.3636,0.0452,0.4313,26.4552
1740035858.9567,-0.0120,-0.5929,0.0508,0.7806,40.5268
1740035858.9667,-0.0161,-0.2553,0.0558,0.2807,24.1546
1740035858.9767,-0.0188,-0.3364,0.0589,0.4097,29.7356
1740035858.9867,-0.0208,-0.0941,0.0611,0.0548,17.7898
1740035858.9967,-0.0214,-0.0485,0.0611,-0.0054,15.8097
1740035859.0067,-0.0213,0.0637,0.0603,-0.1643,10.0710
1740035859.0167,-0.0200,0.1875,0.0577,-0.3404,3.2714
1740035859.0267,-0.0180,0.2021,0.0543,-0.3531,2.0519
1740035859.0367,-0.0149,0.4515,0.0491,-0.7178,-12.2052
1740035859.0467,-0.0110,0.3351,0.0429,-0.5346,-7.1705
1740035859.0567,-0.0064,0.6212,0.0358,-0.9558,-24.0042
1740035859.0667,-0.0014,0.4064,0.0280,-0.6263,-14.2018
1740035859.0767,0.0039,0.7087,0.0200,-1.0740,-32.2829
1740035859.0867,0.0094,0.4263,0.0116,-0.6452,-19.1445
1740035859.0967,0.0147,0.6996,0.0036,-1.0519,-35.7985
1740035859.1068,0.0200,0.3909,-0.0044,-0.5862,-21.2717
1740035859.1168,0.0247,0.6696,-0.0114,-1.0034,-38.0818
1740035859.1267,0.0303,0.4122,-0.0198,-0.6167,-26.5420
1740035859.1367,0.0349,0.5798,-0.0267,-0.8696,-37.5094
1740035859.1467,0.0390,0.2645,-0.0328,-0.3989,-22.4098
1740035859.1567,0.0421,0.4025,-0.0375,-0.6097,-31.2981
1740035859.1667,0.0447,0.1437,-0.0415,-0.2260,-18.7773
1740035859.1767,0.0461,0.1849,-0.0438,-0.2934,-21.9474
1740035859.1867,0.0470,0.0257,-0.0453,-0.0601,-14.1362
1740035859.1967,0.0470,0.0086,-0.0456,-0.0410,-13.6875
1740035859.2067,0.0465,-0.0961,-0.0452,0.1093,-8.3612
1740035859.2167,0.0453,-0.1722,-0.0437,0.2170,-4.2524
1740035859.2267,0.0434,-0.2024,-0.0412,0.2553,-2.3875
1740035859.2367,0.0409,-0.3123,-0.0380,0.4133,3.9887
1740035859.2467,0.0380,-0.2663,-0.0343,0.3380,2.1540
1740035859.2567,0.0351,-0.3347,-0.0305,0.4346,6.4883
1740035859.2667,0.0321,-0.2687,-0.0267,0.3303,3.6510
1740035859.2767,0.0291,-0.3532,-0.0229,0.4523,8.9163
1740035859.2867,0.0260,-0.2679,-0.0191,0.3200,5.1076
1740035859.2967,0.0230,-0.3457,-0.0155,0.4331,10.0338
1740035859.3067,0.0201,-0.2524,-0.0120,0.2899,5.7881
1740035859.3167,0.0172,-0.3441,-0.0086,0.4249,11.4627
1740035859.3267,0.0146,-0.2502,-0.0054,0.2822,7.1419
1740035859.3367,0.0119,-0.2984,-0.0024,0.3529,10.4310
1740035859.3468,0.0095,-0.2046,0.0003,0.2112,6.0615
1740035859.3567,0.0072,-0.2759,0.0028,0.3177,10.5097
1740035859.3667,0.0049,-0.1828,0.0052,0.1777,6.1269
1740035859.3767,0.0029,-0.2314,0.0072,0.2510,9.2735
1740035859.3867,0.0011,-0.1500,0.0091,0.1294,5.4109
1740035859.3967,-0.0007,-0.2254,0.0108,0.2436,9.9557
1740035859.4067,-0.0025,-0.1391,0.0125,0.1152,5.8327
1740035859.4167,-0.0043,-0.2369,0.0143,0.2634,11.6067
1740035859.4267,-0.0061,-0.1374,0.0161,0.1157,6.8309
1740035859.4367,-0.0077,-0.2254,0.0177,0.2495,12.0617
1740035859.4467,-0.0096,-0.1441,0.0197,0.1297,8.3388
1740035859.4567,-0.0115,-0.2559,0.0217,0.2999,14.9809
1740035859.4667,-0.0134,-0.1297,0.0236,0.1132,8.8760
1740035859.4767,-0.0151,-0.2433,0.0254,0.2867,15.6087
1740035859.4867,-0.0168,-0.1128,0.0272,0.0943,9.2722
1740035859.4967,-0.0184,-0.2351,0.0289,0.2814,16.4692
1740035859.5067,-0.0200,-0.0985,0.0306,0.0803,9.8071
1740035859.5167,-0.0214,-0.2179,0.0321,0.2635,16.8351
1740035859.5267,-0.0229,-0.0793,0.0336,0.0600,10.0483
1740035859.5367,-0.0238,-0.1305,0.0345,0.1415,13.2773
1740035859.5467,-0.0245,-0.0234,0.0350,-0.0142,7.9543
1740035859.5567,-0.0247,-0.0202,0.0348,-0.0138,8.0005
1740035859.5667,-0.0245,0.0411,0.0342,-0.1006,4.8306
1740035859.5767,-0.0238,0.1061,0.0327,-0.1927,1.2415
1740035859.5867,-0.0227,0.1096,0.0308,-0.1927,0.8173
1740035859.5967,-0.0210,0.2436,0.0280,-0.3886,-6.8477
1740035859.6067,-0.0189,0.1786,0.0247,-0.2861,-3.9941
1740035859.6167,-0.0164,0.3957,0.0207,-0.6077,-16.4925
1740035859.6267,-0.0132,0.2494,0.0158,-0.3840,-9.7365
1740035859.6367,-0.0097,0.4989,0.0104,-0.7550,-24.3885
1740035859.6467,-0.0059,0.2873,0.0047,-0.4344,-14.4486
1740035859.6567,-0.0020,0.5262,-0.0011,-0.7910,-28.7243
1740035859.6667,0.0019,0.2802,-0.0069,-0.4204,-17.0565
1740035859.6767,0.0056,0.5131,-0.0125,-0.7697,-31.0548
1740035859.6867,0.0092,0.2500,-0.0180,-0.3754,-18.4822
1740035859.6967,0.0126,0.4728,-0.0231,-0.7113,-31.8948
1740035859.7067,0.0156,0.2317,-0.0277,-0.3514,-20.3313
1740035859.7167,0.0184,0.3640,-0.0318,-0.5530,-28.7429
1740035859.7267,0.0207,0.1263,-0.0354,-0.2002,-17.2012
1740035859.7367,0.0221,0.1772,-0.0376,-0.2812,-20.7912
1740035859.7467,0.0229,0.0096,-0.0390,-0.0350,-12.5086
1740035859.7567,0.0228,-0.0030,-0.0392,-0.0218,-12.2067
1740035859.7667,0.0223,-0.0961,-0.0386,0.1120,-7.4213
1740035859.7767,0.0209,-0.1732,-0.0370,0.2216,-3.1853
1740035859.7867,0.0191,-0.1890,-0.0346,0.2394,-2.0604
1740035859.7967,0.0166,-0.3292,-0.0313,0.4438,6.0092
1740035859.8067,0.0136,-0.2671,-0.0274,0.3452,3.4125
1740035859.8167,0.0104,-0.4099,-0.0231,0.5544,11.9450
1740035859.8267,0.0069,-0.2986,-0.0185,0.3829,6.9546
1740035859.8367,0.0031,-0.4883,-0.0135,0.6636,18.2460
1740035859.8467,-0.0009,-0.3250,-0.0082,0.4154,10.7189
1740035859.8567,-0.0049,-0.5156,-0.0030,0.6991,22.2263
1740035859.8667,-0.0090,-0.3208,0.0024,0.4048,13.1122
1740035859.8767,-0.0129,-0.5188,0.0076,0.7013,25.0876
1740035859.8867,-0.0169,-0.3020,0.0128,0.3757,14.8481
1740035859.8967,-0.0202,-0.4435,0.0171,0.5888,23.6166
1740035859.9067,-0.0239,-0.2799,0.0219,0.3446,16.2083
1740035859.9167,-0.0271,-0.3944,0.0259,0.5188,23.5559
1740035859.9267,-0.0300,-0.1958,0.0295,0.2236,14.0204
1740035859.9367,-0.0322,-0.2804,0.0321,0.3542,19.4703
1740035859.9467,-0.0341,-0.1187,0.0343,0.1158,11.6278
1740035859.9567,-0.0355,-0.1892,0.0359,0.2263,16.0710
1740035859.9667,-0.0366,-0.0708,0.0370,0.0532,10.2858
1740035859.9767,-0.0372,-0.0615,0.0374,0.0445,10.1649
1740035859.9867,-0.0373,0.0183,0.0372,-0.0696,6.1399
1740035859.9967,-0.0369,0.0602,0.0362,-0.1267,3.9320
1740035860.0067,-0.0362,0.0864,0.0347,-0.1604,2.4424
1740035860.0167,-0.0350,0.1488,0.0327,-0.2485,-1.1486
1740035860.0267,-0.0336,0.1319,0.0304,-0.2178,-0.5771
1740035860.0367,-0.0319,0.2221,0.0276,-0.3480,-5.8743
1740035860.0467,-0.0300,0.1656,0.0246,-0.2584,-3.3904
1740035860.0567,-0.0280,0.2490,0.0216,-0.3793,-8.4583
1740035860.0667,-0.0259,0.1715,0.0184,-0.2590,-4.9347
1740035860.0767,-0.0239,0.2594,0.0153,-0.3876,-10.3005
1740035860.0867,-0.0218,0.1675,0.0122,-0.2465,-6.0409
1740035860.0967,-0.0197,0.3108,0.0091,-0.4593,-14.4511
1740035860.1067,-0.0169,0.2146,0.0051,-0.3127,-10.2498
1740035860.1167,-0.0144,0.3281,0.0014,-0.4815,-17.2697
1740035860.1267,-0.0119,0.1797,-0.0022,-0.2575,-10.2162
1740035860.1367,-0.0095,0.3463,-0.0058,-0.5073,-20.1024
1740035860.1468,-0.0069,0.1754,-0.0094,-0.2506,-11.9224
1740035860.1567,-0.0045,0.3688,-0.0129,-0.5414,-23.2789
1740035860.1667,-0.0015,0.2159,-0.0174,-0.3127,-16.3357
1740035860.1767,0.0011,0.3370,-0.0211,-0.4962,-23.9518
1740035860.1867,0.0033,0.1373,-0.0245,-0.1987,-14.2727
1740035860.1967,0.0050,0.2361,-0.0270,-0.3500,-20.4237
1740035860.2067,0.0065,0.0683,-0.0291,-0.1017,-12.2069
1740035860.2167,0.0072,0.1058,-0.0302,-0.1620,-14.7617
1740035860.2267,0.0076,-0.0122,-0.0309,0.0108,-8.8636
1740035860.2367,0.0074,-0.0142,-0.0307,0.0093,-8.9626
1740035860.2467,0.0069,-0.0820,-0.0301,0.1063,-5.4283
1740035860.2567,0.0058,-0.1422,-0.0286,0.1918,-2.0716
1740035860.2668,0.0045,-0.1501,-0.0268,0.1996,-1.4098
1740035860.2767,0.0025,-0.2583,-0.0241,0.3574,4.8640
1740035860.2867,0.0002,-0.2085,-0.0209,0.2783,2.7921
1740035860.2967,-0.0025,-0.3469,-0.0173,0.4821,10.9754
1740035860.3067,-0.0054,-0.2460,-0.0133,0.3272,6.4360
1740035860.3167,-0.0086,-0.4188,-0.0090,0.5836,16.7060
1740035860.3267,-0.0120,-0.2707,-0.0044,0.3588,9.8598
1740035860.3367,-0.0156,-0.4900,0.0005,0.6864,22.8594
1740035860.3467,-0.0194,-0.2914,0.0057,0.3870,13.5423
1740035860.3567,-0.0231,-0.5061,0.0109,0.7090,26.4307
1740035860.3667,-0.0270,-0.2795,0.0161,0.3691,15.7008
1740035860.3767,-0.0303,-0.4385,0.0207,0.6092,25.5389
1740035860.3867,-0.0335,-0.2222,0.0250,0.2865,15.2140
1740035860.3967,-0.0363,-0.3692,0.0287,0.5100,24.2506
1740035860.4067,-0.0387,-0.1862,0.0319,0.2383,15.4777
1740035860.4167,-0.0404,-0.1912,0.0341,0.2500,16.5698
1740035860.4267,-0.0416,-0.0559,0.0355,0.0517,9.9558
1740035860.4367,-0.0419,-0.0168,0.0356,-0.0019,8.1886
1740035860.4467,-0.0417,0.0459,0.0351,-0.0905,4.9904
1740035860.4567,-0.0406,0.1682,0.0334,-0.2684,-1.7344
1740035860.4667,-0.0391,0.1459,0.0309,-0.2295,-0.9048
1740035860.4767,-0.0368,0.3340,0.0274,-0.5064,-11.6459
1740035860.4867,-0.0340,0.2278,0.0232,-0.3420,-6.8024
1740035860.4967,-0.0310,0.4047,0.0187,-0.6030,-17.2627
1740035860.5067,-0.0278,0.2522,0.0140,-0.3703,-10.1549
1740035860.5167,-0.0244,0.4759,0.0089,-0.7028,-23.3511
1740035860.5267,-0.0207,0.2734,0.0036,-0.3963,-13.7936
1740035860.5367,-0.0171,0.4969,-0.0017,-0.7300,-27.1238
1740035860.5467,-0.0137,0.2874,-0.0067,-0.4146,-17.1853
1740035860.5567,-0.0102,0.4505,-0.0117,-0.6592,-27.2940
1740035860.5667,-0.0070,0.2194,-0.0164,-0.3129,-16.2033
1740035860.5767,-0.0046,0.2984,-0.0199,-0.4330,-21.4717
1740035860.5867,-0.0026,0.1195,-0.0227,-0.1667,-12.7808
1740035860.5967,-0.0015,0.1272,-0.0243,-0.1813,-13.7932
1740035860.6067,-0.0008,0.0156,-0.0252,-0.0171,-8.2428
1740035860.6167,-0.0010,-0.0431,-0.0249,0.0675,-5.2166
1740035860.6267,-0.0016,-0.0832,-0.0239,0.1238,-3.0142
1740035860.6367,-0.0030,-0.2075,-0.0218,0.3064,3.9937
1740035860.6467,-0.0049,-0.1666,-0.0191,0.2411,2.3172
1740035860.6567,-0.0073,-0.3386,-0.0156,0.4957,12.2942
1740035860.6668,-0.0101,-0.2278,-0.0116,0.3262,7.2598
1740035860.6767,-0.0131,-0.3953,-0.0073,0.5748,17.2529
1740035860.6867,-0.0162,-0.2439,-0.0028,0.3454,10.2254
1740035860.6967,-0.0193,-0.4066,0.0016,0.5883,20.0742
1740035860.7067,-0.0221,-0.2502,0.0057,0.3527,12.7525
1740035860.7167,-0.0252,-0.3991,0.0100,0.5760,21.9027
1740035860.7267,-0.0281,-0.2122,0.0142,0.2958,13.0439
1740035860.7367,-0.0304,-0.2761,0.0175,0.3931,17.4241
1740035860.7467,-0.0324,-0.1296,0.0202,0.1752,10.4154
1740035860.7568,-0.0336,-0.1267,0.0218,0.1735,10.8463
1740035860.7667,-0.0343,-0.0467,0.0228,0.0560,6.9673
1740035860.7767,-0.0345,-0.0041,0.0230,-0.0047,4.9197
1740035860.7868,-0.0344,0.0333,0.0226,-0.0572,3.0205
1740035860.7968,-0.0336,0.1295,0.0214,-0.1981,-2.2760
1740035860.8067,-0.0324,0.1052,0.0196,-0.1581,-1.2518
1740035860.8167,-0.0309,0.2272,0.0174,-0.3381,-8.2234
1740035860.8267,-0.0288,0.1746,0.0143,-0.2558,-6.0543
1740035860.8367,-0.0266,0.2836,0.0111,-0.4165,-12.6067
1740035860.8467,-0.0244,0.1728,0.0079,-0.2479,-7.4076
1740035860.8567,-0.0221,0.3182,0.0046,-0.4642,-16.0083
1740035860.8667,-0.0197,0.1798,0.0011,-0.2549,-9.4450
1740035860.8767,-0.0175,0.2726,-0.0020,-0.3933,-15.2022
1740035860.8867,-0.0155,0.1427,-0.0048,-0.1980,-8.9868
1740035860.8967,-0.0139,0.2050,-0.0071,-0.2917,-12.9590
1740035860.9067,-0.0125,0.0957,-0.0091,-0.1282,-7.6735
1740035860.9167,-0.0115,0.1064,-0.0104,-0.1452,-8.6441
1740035860.9268,-0.0109,0.0351,-0.0113,-0.0395,-5.1253
1740035860.9368,-0.0106,0.0212,-0.0115,-0.0202,-4.5357
1740035860.9467,-0.0106,-0.0145,-0.0114,0.0316,-2.6930
1740035860.9567,-0.0111,-0.0840,-0.0106,0.1340,1.1513
1740035860.9668,-0.0118,-0.0710,-0.0094,0.1126,0.6831
1740035860.9767,-0.0129,-0.1467,-0.0078,0.2246,5.0919
1740035860.9868,-0.0141,-0.1005,-0.0059,0.1536,3.0287
1740035860.9968,-0.0152,-0.1497,-0.0043,0.2263,6.0480
1740035861.0067,-0.0165,-0.1088,-0.0023,0.1638,4.3378
1740035861.0167,-0.0178,-0.1675,-0.0003,0.2511,7.9804
1740035861.0267,-0.0191,-0.0982,0.0016,0.1466,4.7646
1740035861.0367,-0.0201,-0.1338,0.0032,0.1998,7.0811
1740035861.0467,-0.0212,-0.0838,0.0048,0.1249,4.8564
1740035861.0567,-0.0221,-0.1032,0.0061,0.1545,6.2834
1740035861.0668,-0.0229,-0.0502,0.0072,0.0756,3.7796
1740035861.0767,-0.0231,-0.0073,0.0077,0.0120,1.6447
1740035861.0867,-0.0231,0.0055,0.0077,-0.0060,1.0323
1740035861.0967,-0.0228,0.0744,0.0071,-0.1082,-2.7400
1740035861.1067,-0.0222,0.0496,0.0063,-0.0696,-1.5704
1740035861.1167,-0.0213,0.1259,0.0051,-0.1831,-5.9197
1740035861.1267,-0.0204,0.0742,0.0037,-0.1043,-3.4630
1740035861.1367,-0.0194,0.1217,0.0024,-0.1749,-6.3220
1740035861.1468,-0.0185,0.0672,0.0011,-0.0924,-3.7093
1740035861.1567,-0.0177,0.1149,-0.0001,-0.1635,-6.5667
1740035861.1668,-0.0168,0.0589,-0.0013,-0.0791,-3.8622
1740035861.1767,-0.0163,0.0585,-0.0020,-0.0786,-4.0404
1740035861.1867,-0.0159,0.0246,-0.0025,-0.0279,-2.3688
1740035861.1967,-0.0157,0.0119,-0.0027,-0.0092,-1.7482
1740035861.2067,-0.0157,-0.0021,-0.0027,0.0115,-1.0109
1740035861.2167,-0.0159,-0.0365,-0.0023,0.0626,0.9060
1740035861.2267,-0.0162,-0.0277,-0.0018,0.0490,0.5653
1740035861.2367,-0.0169,-0.1412,-0.0005,0.2188,6.9522
1740035861.2467,-0.0182,-0.1004,0.0014,0.1571,5.2777
1740035861.2567,-0.0196,-0.2035,0.0036,0.3116,11.3979
1740035861.2667,-0.0211,-0.1063,0.0059,0.1656,6.8137
1740035861.2767,-0.0226,-0.2205,0.0083,0.3374,13.6036
1740035861.2867,-0.0242,-0.1056,0.0107,0.1656,8.1406
1740035861.2967,-0.0254,-0.1556,0.0126,0.2417,11.4060
1740035861.3067,-0.0265,-0.0608,0.0142,0.1008,6.8533
1740035861.3167,-0.0272,-0.1129,0.0154,0.1806,10.0583
1740035861.3267,-0.0280,-0.0471,0.0168,0.0839,7.0270
1740035861.3367,-0.0284,-0.0391,0.0175,0.0741,6.9242
1740035861.3467,-0.0285,0.0157,0.0178,-0.0056,4.2173
1740035861.3567,-0.0280,0.0768,0.0173,-0.0946,0.9650
1740035861.3667,-0.0272,0.0803,0.0163,-0.0970,0.6825
1740035861.3767,-0.0261,0.1475,0.0149,-0.1952,-3.1452
1740035861.3867,-0.0248,0.1161,0.0132,-0.1455,-1.7612
1740035861.3967,-0.0230,0.2629,0.0108,-0.3633,-10.1415
1740035861.4067,-0.0209,0.1723,0.0080,-0.2251,-5.9248
1740035861.4167,-0.0190,0.2776,0.0054,-0.3815,-12.1752
1740035861.4267,-0.0165,0.1971,0.0021,-0.2590,-8.6594
1740035861.4367,-0.0141,0.3037,-0.0011,-0.4180,-15.1782
1740035861.4467,-0.0118,0.1727,-0.0042,-0.2208,-8.9506
1740035861.4567,-0.0099,0.2392,-0.0068,-0.3207,-13.2024
1740035861.4667,-0.0081,0.1267,-0.0090,-0.1522,-7.7978
1740035861.4768,-0.0065,0.2153,-0.0111,-0.2861,-13.1433
1740035861.4868,-0.0050,0.1044,-0.0130,-0.1208,-7.7808
1740035861.4967,-0.0036,0.1809,-0.0146,-0.2371,-12.4059
1740035861.5067,-0.0024,0.0774,-0.0162,-0.0835,-7.3601
1740035861.5167,-0.0017,0.0746,-0.0169,-0.0816,-7.5308
1740035861.5267,-0.0013,0.0137,-0.0172,0.0074,-4.4781
1740035861.5367,-0.0010,0.0503,-0.0174,-0.0500,-6.6137
1740035861.5467,-0.0008,-0.0024,-0.0174,0.0266,-3.9411
1740035861.5567,-0.0009,-0.0142,-0.0171,0.0416,-3.3528
1740035861.5667,-0.0012,-0.0388,-0.0164,0.0760,-2.0095
1740035861.5767,-0.0018,-0.0845,-0.0154,0.1419,0.5886
1740035861.5867,-0.0026,-0.0756,-0.0140,0.1259,0.3310
1740035861.5967,-0.0035,-0.1175,-0.0125,0.1863,2.8566
1740035861.6067,-0.0046,-0.0896,-0.0109,0.1423,1.6819
1740035861.6167,-0.0057,-0.1585,-0.0090,0.2437,5.7697
1740035861.6267,-0.0070,-0.1064,-0.0071,0.1637,3.4188
1740035861.6367,-0.0084,-0.1838,-0.0049,0.2784,8.0620
1740035861.6467,-0.0099,-0.1130,-0.0028,0.1708,4.7903
1740035861.6567,-0.0112,-0.1989,-0.0008,0.2989,9.8943
1740035861.6667,-0.0129,-0.1346,0.0018,0.2016,7.1120
1740035861.6767,-0.0146,-0.2113,0.0043,0.3165,11.8778
1740035861.6867,-0.0161,-0.1100,0.0066,0.1646,7.0849
1740035861.6967,-0.0175,-0.1860,0.0087,0.2791,11.7553
1740035861.7067,-0.0188,-0.0870,0.0106,0.1313,7.0287
1740035861.7167,-0.0202,-0.2220,0.0127,0.3349,14.8884
1740035861.7267,-0.0220,-0.1262,0.0155,0.1922,10.5726
1740035861.7367,-0.0236,-0.2158,0.0179,0.3285,16.1359
1740035861.7467,-0.0250,-0.0818,0.0201,0.1295,9.6703
1740035861.7567,-0.0261,-0.1646,0.0217,0.2560,14.7024
1740035861.7667,-0.0273,-0.0667,0.0237,0.1119,10.1382
1740035861.7767,-0.0281,-0.1206,0.0250,0.1958,13.5866
1740035861.7867,-0.0287,-0.0108,0.0261,0.0346,8.1950
1740035861.7967,-0.0290,-0.0742,0.0268,0.1333,11.9989
1740035861.8067,-0.0292,0.0212,0.0274,-0.0060,7.2661
1740035861.8167,-0.0289,0.0390,0.0271,-0.0286,6.4880
1740035861.8267,-0.0282,0.0866,0.0265,-0.0960,4.0008
1740035861.8367,-0.0273,0.0974,0.0254,-0.1080,3.3855
1740035861.8467,-0.0262,0.1185,0.0242,-0.1356,2.1597
1740035861.8567,-0.0246,0.2128,0.0222,-0.2732,-3.1991
1740035861.8667,-0.0227,0.1779,0.0198,-0.2170,-1.7554
1740035861.8768,-0.0203,0.3207,0.0167,-0.4278,-10.0335
1740035861.8867,-0.0178,0.2374,0.0135,-0.2997,-6.2520
1740035861.8967,-0.0148,0.3956,0.0095,-0.5342,-15.6294
1740035861.9067,-0.0116,0.2568,0.0054,-0.3235,-9.1671
1740035861.9167,-0.0080,0.5069,0.0006,-0.6970,-23.7668
1740035861.9267,-0.0040,0.3004,-0.0047,-0.3858,-14.0258
1740035861.9367,-0.0001,0.5472,-0.0100,-0.7556,-28.6704
1740035861.9467,0.0041,0.3013,-0.0155,-0.3867,-16.9760
1740035861.9567,0.0080,0.5339,-0.0208,-0.7369,-30.9213
1740035861.9667,0.0119,0.2717,-0.0260,-0.3451,-18.3603
1740035861.9767,0.0154,0.4973,-0.0307,-0.6864,-31.8923
1740035861.9867,0.0189,0.2295,-0.0354,-0.2881,-18.9895
1740035861.9967,0.0218,0.3968,-0.0392,-0.5434,-29.2232
1740035862.0067,0.0245,0.1546,-0.0426,-0.1850,-17.4535
1740035862.0167,0.0262,0.2195,-0.0447,-0.2882,-21.8235
1740035862.0267,0.0274,0.0427,-0.0462,-0.0292,-13.0906
1740035862.0367,0.0274,-0.0200,-0.0459,0.0580,-10.0437
1740035862.0467,0.0268,-0.0950,-0.0448,0.1635,-6.1002
1740035862.0567,0.0253,-0.2358,-0.0424,0.3682,1.7371
1740035862.0667,0.0229,-0.2290,-0.0386,0.3508,1.9823
1740035862.0767,0.0196,-0.4453,-0.0337,0.6686,14.5290
1740035862.0867,0.0159,-0.3118,-0.0282,0.4619,8.5249
1740035862.0967,0.0114,-0.6377,-0.0215,0.9453,27.4966
1740035862.1067,0.0064,-0.3956,-0.0141,0.5770,16.2503
1740035862.1167,0.0017,-0.6978,-0.0073,1.0272,34.1188
1740035862.1267,-0.0044,-0.4762,0.0016,0.6913,24.4772
1740035862.1367,-0.0102,-0.7613,0.0101,1.1176,41.9937
1740035862.1467,-0.0158,-0.4025,0.0183,0.5785,24.9501
1740035862.1567,-0.0210,-0.7024,0.0258,1.0296,43.1325
1740035862.1667,-0.0260,-0.3381,0.0331,0.4850,25.6996
1740035862.1767,-0.0302,-0.5621,0.0392,0.8246,39.5544
1740035862.1867,-0.0340,-0.2324,0.0447,0.3344,23.6494
1740035862.1967,-0.0368,-0.3769,0.0488,0.5568,32.8170
1740035862.2067,-0.0390,-0.1081,0.0521,0.1600,19.7042
1740035862.2167,-0.0402,-0.1680,0.0539,0.2572,23.8234
1740035862.2267,-0.0409,0.0218,0.0550,-0.0197,14.3902
1740035862.2367,-0.0403,0.0732,0.0543,-0.0885,11.9334
1740035862.2467,-0.0392,0.1518,0.0530,-0.1989,7.7927
1740035862.2567,-0.0370,0.2982,0.0499,-0.4098,-0.3782
1740035862.2668,-0.0341,0.2804,0.0460,-0.3749,-0.0055
1740035862.2767,-0.0305,0.4706,0.0411,-0.6522,-11.0855
1740035862.2867,-0.0264,0.3626,0.0355,-0.4829,-6.3868
1740035862.2967,-0.0216,0.6330,0.0289,-0.8819,-22.2591
1740035862.3068,-0.0164,0.4318,0.0218,-0.5739,-13.0472
1740035862.3167,-0.0111,0.6659,0.0147,-0.9205,-27.2472
1740035862.3267,-0.0058,0.4250,0.0075,-0.5550,-16.0388
1740035862.3367,-0.0006,0.6585,0.0006,-0.9029,-30.2703
1740035862.3467,0.0045,0.3951,-0.0062,-0.5056,-17.8737
1740035862.3567,0.0090,0.5464,-0.0120,-0.7323,-27.5324
1740035862.3667,0.0131,0.3096,-0.0174,-0.3774,-16.2948
1740035862.3768,0.0162,0.3969,-0.0211,-0.5099,-22.0560
1740035862.3867,0.0194,0.2437,-0.0252,-0.2820,-15.0452
1740035862.3967,0.0221,0.3206,-0.0284,-0.4005,-20.1804
1740035862.4067,0.0244,0.1515,-0.0310,-0.1503,-12.0063
1740035862.4167,0.0258,0.1568,-0.0324,-0.1625,-12.8936
1740035862.4267,0.0268,0.0516,-0.0332,-0.0091,-7.7020
1740035862.4368,0.0272,0.0395,-0.0331,0.0041,-7.2974
1740035862.4467,0.0273,-0.0116,-0.0327,0.0763,-4.6844
1740035862.4567,0.0270,-0.0390,-0.0318,0.1124,-3.2189
1740035862.4667,0.0265,-0.0607,-0.0305,0.1400,-1.9723
1740035862.4767,0.0259,-0.0583,-0.0291,0.1316,-1.9867
1740035862.4867,0.0252,-0.0698,-0.0277,0.1442,-1.2425
1740035862.4967,0.0243,-0.1309,-0.0259,0.2314,2.2936
1740035862.5067,0.0231,-0.1062,-0.0238,0.1900,1.3012
1740035862.5167,0.0219,-0.1618,-0.0218,0.2698,4.6324
1740035862.5267,0.0204,-0.1300,-0.0193,0.2183,3.4038
1740035862.5367,0.0190,-0.1683,-0.0169,0.2724,5.9176
1740035862.5467,0.0176,-0.1142,-0.0147,0.1881,3.4661
1740035862.5567,0.0164,-0.1403,-0.0127,0.2248,5.2697
1740035862.5667,0.0152,-0.0927,-0.0108,0.1510,3.0889
1740035862.5767,0.0142,-0.1296,-0.0091,0.2044,5.4275
1740035862.5867,0.0131,-0.0814,-0.0075,0.1303,3.1897
1740035862.5967,0.0121,-0.1370,-0.0059,0.2124,6.5387
1740035862.6067,0.0111,-0.0800,-0.0042,0.1255,3.8570
1740035862.6167,0.0099,-0.1567,-0.0025,0.2396,8.3871
1740035862.6267,0.0088,-0.0846,-0.0007,0.1306,4.9636
1740035862.6367,0.0076,-0.1580,0.0010,0.2402,9.3469
1740035862.6467,0.0065,-0.0785,0.0028,0.1206,5.5443
1740035862.6567,0.0054,-0.1579,0.0044,0.2398,10.2624
1740035862.6667,0.0043,-0.0714,0.0061,0.1103,6.0997
1740035862.6767,0.0032,-0.2059,0.0079,0.3126,13.8130
1740035862.6867,0.0014,-0.1209,0.0105,0.1856,10.0069
1740035862.6967,-0.0004,-0.2754,0.0133,0.4184,19.1086
1740035862.7068,-0.0023,-0.1155,0.0161,0.1796,11.3878
1740035862.7167,-0.0039,-0.2491,0.0186,0.3816,19.3148
1740035862.7267,-0.0058,-0.1216,0.0216,0.1923,13.4147
1740035862.7367,-0.0074,-0.2410,0.0242,0.3741,20.6780
1740035862.7467,-0.0089,-0.0709,0.0265,0.1218,12.3718
1740035862.7567,-0.0099,-0.1543,0.0282,0.2504,17.5001
1740035862.7667,-0.0107,-0.0127,0.0295,0.0419,10.5069
1740035862.7767,-0.0108,-0.0359,0.0300,0.0809,12.1296
1740035862.7867,-0.0106,0.0587,0.0301,-0.0567,7.3310
1740035862.7967,-0.0097,0.1333,0.0289,-0.1639,3.3016
1740035862.8067,-0.0082,0.1521,0.0272,-0.1875,2.0895
1740035862.8167,-0.0064,0.2087,0.0249,-0.2679,-1.2865
1740035862.8267,-0.0045,0.1888,0.0224,-0.2338,-0.6414
1740035862.8367,-0.0019,0.3470,0.0191,-0.4671,-9.7935
1740035862.8467,0.0011,0.2553,0.0152,-0.3257,-5.7062
1740035862.8567,0.0044,0.4274,0.0108,-0.5809,-15.9160
1740035862.8667,0.0078,0.2850,0.0062,-0.3644,-9.3623
1740035862.8768,0.0110,0.4616,0.0020,-0.6277,-19.8660
1740035862.8867,0.0151,0.3308,-0.0035,-0.4297,-14.2336
1740035862.8967,0.0192,0.5315,-0.0089,-0.7303,-26.4321
1740035862.9067,0.0233,0.3038,-0.0143,-0.3885,-15.6710
1740035862.9167,0.0269,0.4591,-0.0191,-0.6226,-25.3334
1740035862.9267,0.0303,0.2435,-0.0235,-0.3007,-15.0618
1740035862.9367,0.0332,0.3875,-0.0273,-0.5194,-23.9493
1740035862.9467,0.0358,0.2058,-0.0306,-0.2497,-15.2598
1740035862.9567,0.0380,0.2737,-0.0334,-0.3554,-19.8479
1740035862.9667,0.0398,0.1094,-0.0356,-0.1133,-11.8780
1740035862.9768,0.0410,0.1383,-0.0368,-0.1615,-14.0214
1740035862.9868,0.0417,0.0252,-0.0375,0.0029,-8.4395
1740035862.9968,0.0419,0.0262,-0.0374,-0.0042,-8.7743
1740035863.0068,0.0418,-0.0413,-0.0369,0.0914,-5.3345
1740035863.0168,0.0410,-0.1191,-0.0355,0.2024,-1.0829
1740035863.0268,0.0398,-0.1207,-0.0335,0.1991,-0.7671
1740035863.0368,0.0384,-0.1683,-0.0312,0.2651,2.1020
1740035863.0468,0.0368,-0.1432,-0.0288,0.2224,1.1280
1740035863.0568,0.0348,-0.2802,-0.0257,0.4229,9.0362
1740035863.0667,0.0325,-0.1967,-0.0221,0.2930,5.2552
1740035863.0768,0.0303,-0.2992,-0.0190,0.4432,11.4061
1740035863.0867,0.0276,-0.2221,-0.0150,0.3237,8.1349
1740035863.0967,0.0250,-0.3395,-0.0111,0.4969,15.3194
1740035863.1067,0.0223,-0.2053,-0.0073,0.2928,9.0170
1740035863.1167,0.0199,-0.3061,-0.0038,0.4422,15.2615
1740035863.1267,0.0176,-0.1741,-0.0005,0.2427,9.0025
1740035863.1367,0.0154,-0.2843,0.0026,0.4075,15.7026
1740035863.1467,0.0133,-0.1501,0.0055,0.2057,9.2847
1740035863.1567,0.0116,-0.2624,0.0079,0.3744,15.9747
1740035863.1667,0.0094,-0.1579,0.0110,0.2180,11.2322
1740035863.1767,0.0071,-0.3254,0.0142,0.4703,21.1291
1740035863.1867,0.0049,-0.1477,0.0174,0.2049,12.5528
1740035863.1968,0.0030,-0.2635,0.0201,0.3807,19.6045
1740035863.2067,0.0012,-0.1007,0.0226,0.1386,11.6748
1740035863.2167,-0.0002,-0.2135,0.0246,0.3108,18.4389
1740035863.2267,-0.0015,-0.0621,0.0265,0.0867,11.0066
1740035863.2367,-0.0025,-0.1704,0.0280,0.2528,17.4238
1740035863.2467,-0.0034,-0.0288,0.0294,0.0442,10.4249
1740035863.2567,-0.0040,-0.1042,0.0302,0.1614,14.9354
1740035863.2668,-0.0044,0.0151,0.0309,-0.0133,8.9639
1740035863.2767,-0.0043,-0.0209,0.0309,0.0452,11.1655
1740035863.2867,-0.0040,0.0655,0.0306,-0.0798,6.7355
1740035863.2967,-0.0033,0.0881,0.0297,-0.1094,5.5297
1740035863.3067,-0.0022,0.1241,0.0284,-0.1588,3.5060
1740035863.3167,-0.0006,0.2101,0.0262,-0.2833,-1.4270
1740035863.3267,0.0014,0.1890,0.0236,-0.2471,-0.7457
1740035863.3367,0.0040,0.3535,0.0200,-0.4897,-10.2782
1740035863.3467,0.0070,0.2577,0.0160,-0.3420,-6.0155
1740035863.3567,0.0105,0.4785,0.0112,-0.6700,-18.9622
1740035863.3667,0.0144,0.3102,0.0059,-0.4144,-11.1940
1740035863.3767,0.0187,0.5973,-0.0001,-0.8432,-28.0735
1740035863.3867,0.0233,0.3535,-0.0065,-0.4757,-16.6370
1740035863.3967,0.0277,0.5840,-0.0126,-0.8213,-30.6251
1740035863.4067,0.0321,0.3215,-0.0186,-0.4276,-18.1985
1740035863.4167,0.0361,0.5784,-0.0241,-0.8144,-33.5259
1740035863.4267,0.0403,0.2942,-0.0299,-0.3900,-19.9743
1740035863.4367,0.0440,0.4938,-0.0349,-0.6927,-32.2139
1740035863.4467,0.0474,0.2239,-0.0396,-0.2919,-19.2534
1740035863.4567,0.0502,0.3688,-0.0433,-0.5141,-28.2919
1740035863.4667,0.0526,0.1353,-0.0465,-0.1695,-16.9735
1740035863.4767,0.0542,0.2182,-0.0486,-0.3002,-22.3385
1740035863.4867,0.0553,0.0376,-0.0501,-0.0362,-13.4703
1740035863.4967,0.0555,0.0213,-0.0503,-0.0191,-13.0474
1740035863.5067,0.0552,-0.0786,-0.0497,0.1232,-7.9618
1740035863.5167,0.0538,-0.1994,-0.0476,0.2966,-1.3641
1740035863.5267,0.0518,-0.1993,-0.0447,0.2887,-1.0131
1740035863.5367,0.0493,-0.3670,-0.0410,0.5334,8.5901
1740035863.5467,0.0461,-0.2827,-0.0364,0.3999,4.9149
1740035863.5567,0.0421,-0.5499,-0.0307,0.7941,20.4021
1740035863.5667,0.0376,-0.3664,-0.0243,0.5127,11.9511
1740035863.5767,0.0329,-0.6308,-0.0176,0.9044,27.6651
1740035863.5867,0.0279,-0.3879,-0.0106,0.5355,16.2899
1740035863.5967,0.0229,-0.6739,-0.0035,0.9616,33.3613
1740035863.6067,0.0177,-0.3854,0.0037,0.5263,19.7086
1740035863.6167,0.0129,-0.6392,0.0104,0.9063,35.0871
1740035863.6267,0.0082,-0.3394,0.0170,0.4563,20.7825
1740035863.6367,0.0043,-0.5305,0.0223,0.7441,32.5188
1740035863.6467,0.0000,-0.3077,0.0282,0.4115,22.2874
1740035863.6567,-0.0035,-0.4497,0.0330,0.6276,31.3711
1740035863.6667,-0.0066,-0.1881,0.0372,0.2390,18.6846
1740035863.6767,-0.0085,-0.2429,0.0397,0.3261,22.5855
1740035863.6867,-0.0100,-0.0588,0.0415,0.0554,13.5022
1740035863.6967,-0.0103,-0.0340,0.0417,0.0242,12.5770
1740035863.7067,-0.0101,0.0633,0.0412,-0.1154,7.5703
1740035863.7167,-0.0092,0.1461,0.0396,-0.2338,3.0286
1740035863.7267,-0.0075,0.1698,0.0371,-0.2629,1.4235
1740035863.7367,-0.0051,0.3307,0.0334,-0.4981,-7.8507
1740035863.7467,-0.0022,0.2541,0.0291,-0.3771,-4.5792
1740035863.7567,0.0012,0.4520,0.0241,-0.6687,-16.2486
1740035863.7667,0.0049,0.3052,0.0186,-0.4436,-9.5851
1740035863.7767,0.0086,0.4664,0.0133,-0.6815,-19.4626
1740035863.7867,0.0123,0.2945,0.0079,-0.4202,-11.5173
1740035863.7967,0.0157,0.4210,0.0030,-0.6079,-19.5048
1740035863.8067,0.0189,0.2512,-0.0017,-0.3514,-11.5704
1740035863.8167,0.0219,0.3651,-0.0058,-0.5217,-18.7603
1740035863.8267,0.0246,0.2039,-0.0097,-0.2796,-11.1576
1740035863.8367,0.0269,0.2808,-0.0128,-0.3958,-16.1831
1740035863.8467,0.0290,0.1436,-0.0157,-0.1910,-9.6547
1740035863.8567,0.0304,0.1687,-0.0176,-0.2305,-11.6378
1740035863.8667,0.0315,0.0814,-0.0191,-0.1014,-7.4492
1740035863.8767,0.0320,0.0144,-0.0195,-0.0036,-4.1353
1740035863.8867,0.0319,-0.0174,-0.0193,0.0412,-2.5335
1740035863.8967,0.0317,-0.0255,-0.0189,0.0504,-2.1323
1740035863.9067,0.0314,-0.0401,-0.0182,0.0694,-1.3482
1740035863.9167,0.0305,-0.1363,-0.0169,0.2109,4.0143
1740035863.9267,0.0294,-0.0984,-0.0151,0.1511,2.3027
1740035863.9367,0.0283,-0.1141,-0.0136,0.1720,3.4216
1740035863.9467,0.0274,-0.0819,-0.0121,0.1213,1.9558
1740035863.9567,0.0268,-0.0385,-0.0112,0.0542,-0.2460
1740035863.9667,0.0264,-0.0382,-0.0107,0.0520,-0.2191
1740035863.9768,0.0261,-0.0164,-0.0104,0.0178,-1.3881
1740035863.9867,0.0260,-0.0221,-0.0102,0.0248,-1.1217
1740035863.9967,0.0260,0.0337,-0.0103,-0.0604,-4.2365
1740035864.0067,0.0261,-0.0003,-0.0106,-0.0110,-2.5924
1740035864.0167,0.0266,0.1060,-0.0115,-0.1718,-8.5968
1740035864.0267,0.0273,0.0351,-0.0126,-0.0668,-5.1889
1740035864.0367,0.0280,0.1291,-0.0138,-0.2095,-10.6667
1740035864.0468,0.0288,0.0412,-0.0152,-0.0792,-6.4300
1740035864.0567,0.0294,0.0993,-0.0163,-0.1683,-9.9522
1740035864.0667,0.0301,0.0338,-0.0176,-0.0721,-6.9085
1740035864.0767,0.0306,0.0696,-0.0185,-0.1282,-9.2169
1740035864.0867,0.0308,-0.0042,-0.0191,-0.0198,-5.5943
1740035864.0967,0.0308,0.0060,-0.0194,-0.0380,-6.3703
1740035864.1067,0.0306,-0.0430,-0.0193,0.0327,-3.9122
1740035864.1167,0.0298,-0.1223,-0.0185,0.1487,0.3987
1740035864.1267,0.0286,-0.1132,-0.0171,0.1320,0.1058
1740035864.1367,0.0269,-0.2354,-0.0149,0.3124,7.0562
1740035864.1467,0.0249,-0.1698,-0.0124,0.2112,4.0660
1740035864.1567,0.0228,-0.2790,-0.0096,0.3725,10.5231
1740035864.1667,0.0205,-0.1848,-0.0067,0.2291,6.1378
1740035864.1767,0.0179,-0.3597,-0.0033,0.4898,16.3252
1740035864.1867,0.0151,-0.2172,0.0004,0.2746,9.6011
1740035864.1967,0.0122,-0.3980,0.0043,0.5451,20.2836
1740035864.2067,0.0092,-0.2234,0.0083,0.2828,11.9768
1740035864.2167,0.0064,-0.3761,0.0120,0.5124,21.1846
1740035864.2267,0.0038,-0.2135,0.0154,0.2691,13.4170
1740035864.2367,0.0012,-0.3514,0.0188,0.4774,21.8091
1740035864.2467,-0.0013,-0.1676,0.0220,0.2037,12.9432
1740035864.2568,-0.0032,-0.2340,0.0244,0.3060,17.2807
1740035864.2667,-0.0046,-0.1049,0.0262,0.1149,10.9906
1740035864.2767,-0.0056,-0.1213,0.0273,0.1432,12.3647
1740035864.2867,-0.0063,-0.0213,0.0279,-0.0031,7.3802
1740035864.2968,-0.0063,0.0197,0.0275,-0.0604,5.3096
1740035864.3067,-0.0059,0.0550,0.0267,-0.1095,3.4121
1740035864.3167,-0.0050,0.1301,0.0251,-0.2179,-0.8205
1740035864.3267,-0.0038,0.1170,0.0231,-0.1940,-0.4433
1740035864.3367,-0.0022,0.2144,0.0205,-0.3362,-6.1446
1740035864.3467,-0.0003,0.1564,0.0176,-0.2456,-3.6123
1740035864.3567,0.0017,0.2606,0.0146,-0.3986,-9.8562
1740035864.3667,0.0038,0.1721,0.0113,-0.2628,-5.8283
1740035864.3767,0.0060,0.2933,0.0080,-0.4424,-13.1105
1740035864.3867,0.0083,0.1784,0.0045,-0.2679,-7.7767
1740035864.3967,0.0104,0.2656,0.0013,-0.3974,-13.2388
1740035864.4067,0.0124,0.1512,-0.0017,-0.2247,-7.8718
1740035864.4167,0.0144,0.2583,-0.0045,-0.3851,-14.3800
1740035864.4267,0.0163,0.1356,-0.0074,-0.2009,-8.5689
1740035864.4367,0.0177,0.1761,-0.0095,-0.2622,-11.3673
1740035864.4467,0.0190,0.0806,-0.0114,-0.1198,-6.7988
1740035864.4567,0.0201,0.1745,-0.0131,-0.2621,-12.3924
1740035864.4667,0.0213,0.0713,-0.0149,-0.1086,-7.4234
1740035864.4768,0.0220,0.1036,-0.0160,-0.1589,-9.5561
1740035864.4867,0.0228,0.0392,-0.0172,-0.0644,-6.5425
1740035864.4967,0.0233,0.0728,-0.0180,-0.1171,-8.7003
1740035864.5068,0.0236,0.0029,-0.0186,-0.0146,-5.2570
1740035864.5167,0.0235,-0.0083,-0.0186,-0.0005,-4.8227
1740035864.5267,0.0232,-0.0447,-0.0183,0.0512,-2.9617
1740035864.5367,0.0230,-0.0001,-0.0181,-0.0184,-5.4518
1740035864.5467,0.0228,-0.0418,-0.0179,0.0414,-3.3396
1740035864.5567,0.0224,-0.0313,-0.0176,0.0230,-3.9658
1740035864.5667,0.0219,-0.0600,-0.0171,0.0635,-2.4608
1740035864.5767,0.0213,-0.0618,-0.0165,0.0635,-2.3478
1740035864.5867,0.0206,-0.0768,-0.0157,0.0833,-1.5013
1740035864.5967,0.0198,-0.0740,-0.0149,0.0766,-1.5851
1740035864.6067,0.0191,-0.0817,-0.0142,0.0860,-1.1024
1740035864.6167,0.0180,-0.1321,-0.0130,0.1593,1.7818
1740035864.6267,0.0168,-0.1121,-0.0116,0.1271,0.9540
1740035864.6367,0.0155,-0.1635,-0.0100,0.2021,4.0130
1740035864.6467,0.0141,-0.1249,-0.0083,0.1424,2.2853
1740035864.6567,0.0124,-0.2187,-0.0063,0.2815,7.7554
1740035864.6667,0.0106,-0.1489,-0.0040,0.1752,4.5173
1740035864.6767,0.0088,-0.2296,-0.0018,0.2953,9.3789
1740035864.6867,0.0070,-0.1469,0.0004,0.1703,5.4948
1740035864.6967,0.0050,-0.2767,0.0030,0.3646,13.0987
1740035864.7067,0.0028,-0.1632,0.0057,0.1941,7.7199
1740035864.7167,0.0007,-0.2831,0.0083,0.3742,14.8716
1740035864.7267,-0.0014,-0.1558,0.0110,0.1837,8.7931
1740035864.7367,-0.0033,-0.2552,0.0134,0.3340,14.8258
1740035864.7467,-0.0052,-0.1297,0.0157,0.1470,8.7878
1740035864.7567,-0.0067,-0.2175,0.0175,0.2805,14.0607
1740035864.7667,-0.0084,-0.1252,0.0197,0.1440,9.8210
1740035864.7767,-0.0098,-0.1645,0.0213,0.2055,12.4957
1740035864.7867,-0.0109,-0.0613,0.0225,0.0535,7.4444
1740035864.7967,-0.0113,-0.0408,0.0228,0.0260,6.6058
1740035864.8067,-0.0114,0.0111,0.0227,-0.0486,3.9586
1740035864.8167,-0.0111,0.0621,0.0218,-0.1216,1.1831
1740035864.8267,-0.0104,0.0676,0.0206,-0.1263,0.7419
1740035864.8367,-0.0093,0.1570,0.0187,-0.2571,-4.3710
1740035864.8467,-0.0081,0.1194,0.0167,-0.1977,-2.7432
1740035864.8567,-0.0063,0.2662,0.0138,-0.4148,-11.2345
1740035864.8667,-0.0042,0.1667,0.0105,-0.2627,-6.6454
1740035864.8767,-0.0019,0.3124,0.0070,-0.4790,-15.2896
1740035864.8868,0.0003,0.1927,0.0036,-0.2976,-9.6999
1740035864.8967,0.0028,0.3512,-0.0003,-0.5342,-19.1877
1740035864.9067,0.0054,0.1869,-0.0043,-0.2866,-11.4060
1740035864.9167,0.0076,0.2805,-0.0076,-0.4269,-17.3356
1740035864.9267,0.0096,0.1339,-0.0107,-0.2073,-10.3314
1740035864.9367,0.0113,0.2181,-0.0132,-0.3346,-15.5927
1740035864.9467,0.0127,0.0880,-0.0155,-0.1407,-9.3187
1740035864.9567,0.0137,0.1177,-0.0170,-0.1872,-11.4352
1740035864.9667,0.0143,0.0336,-0.0180,-0.0629,-7.3299
1740035864.9767,0.0144,0.0102,-0.0184,-0.0304,-6.3296
1740035864.9867,0.0143,-0.0387,-0.0183,0.0402,-3.8448
1740035864.9968,0.0136,-0.0961,-0.0175,0.1236,-0.7110
1740035865.0067,0.0126,-0.0968,-0.0163,0.1217,-0.5102
1740035865.0167,0.0112,-0.1978,-0.0144,0.2705,5.2513
1740035865.0267,0.0095,-0.1479,-0.0121,0.1929,3.0358
1740035865.0367,0.0075,-0.2813,-0.0093,0.3908,10.8034
1740035865.0467,0.0052,-0.1849,-0.0062,0.2439,6.3448
1740035865.0567,0.0029,-0.2950,-0.0031,0.4076,12.9911
1740035865.0668,0.0006,-0.1813,-0.0000,0.2356,7.6615
1740035865.0768,-0.0015,-0.2636,0.0028,0.3585,12.7944
1740035865.0867,-0.0036,-0.1530,0.0055,0.1923,7.5641
1740035865.0967,-0.0052,-0.2003,0.0076,0.2636,10.6926
1740035865.1067,-0.0067,-0.1089,0.0095,0.1272,6.3343
1740035865.1168,-0.0078,-0.1112,0.0107,0.1316,6.8367
1740035865.1268,-0.0086,-0.0538,0.0115,0.0469,4.0585
1740035865.1368,-0.0088,0.0002,0.0116,-0.0327,1.2479
1740035865.1467,-0.0087,0.0143,0.0111,-0.0521,0.4529
1740035865.1567,-0.0081,0.1104,0.0099,-0.1944,-4.9205
1740035865.1667,-0.0073,0.0668,0.0084,-0.1272,-2.9173
1740035865.1767,-0.0062,0.1697,0.0064,-0.2800,-8.8759
1740035865.1867,-0.0049,0.0930,0.0043,-0.1634,-5.2735
1740035865.1967,-0.0034,0.2272,0.0018,-0.3636,-13.0855
1740035865.2067,-0.0017,0.1155,-0.0009,-0.1950,-7.7856
1740035865.2167,-0.0005,0.1695,-0.0029,-0.2757,-11.2118
1740035865.2267,0.0008,0.0934,-0.0051,-0.1614,-7.7481
1740035865.2367,0.0021,0.1754,-0.0072,-0.2848,-12.7372
1740035865.2467,0.0032,0.0691,-0.0092,-0.1257,-7.6089
1740035865.2567,0.0037,0.0369,-0.0101,-0.0785,-6.2125
1740035865.2667,0.0038,-0.0127,-0.0105,-0.0055,-3.7464
1740035865.2767,0.0033,-0.0897,-0.0100,0.1085,0.4199
1740035865.2867,0.0024,-0.0822,-0.0090,0.0956,0.1896
1740035865.2968,0.0009,-0.2384,-0.0070,0.3282,9.0017
1740035865.3068,-0.0010,-0.1579,-0.0044,0.2058,5.2927
1740035865.3168,-0.0032,-0.2986,-0.0014,0.4156,13.5531
1740035865.3268,-0.0055,-0.1804,0.0017,0.2372,8.0116
1740035865.3368,-0.0080,-0.3535,0.0052,0.4966,18.1993
1740035865.3468,-0.0107,-0.1972,0.0088,0.2617,10.7929
1740035865.3568,-0.0131,-0.3180,0.0121,0.4437,18.1985
1740035865.3668,-0.0155,-0.1635,0.0153,0.2128,10.8197
1740035865.3768,-0.0177,-0.3209,0.0184,0.4506,20.1805
1740035865.3868,-0.0198,-0.1678,0.0213,0.2225,12.8506
